NIF,Filial propietaria directa,Inmuebles,Fianzas depositadas,Matriz,Sede empresa matriz,Sociedad intermedia utilizada,Sede sociedad utilizada,Tipo sociedad utilizada,Administración,Sector,Subsector,Fuente,Fuente 2,Fuente 3,Fuente 4,Fuente 5,Fuente 6,Fuente 7,Fuente 8
A11208899,EMPRESA PROVINCIAL DE VIVIENDA Y SUELO DE CADIZ SA,50,"13.085,20 €",Ayuntamiento de Cádiz,España,Empresa Municipal de Vivienda y Suelo de Cádiz SA,España,Empresa pública,Ayuntamiento,Parque público,NA,NA,NA,NA,NA,NA,NA,NA,NA
B87588885,"AEDAS HOMES OPCO, SLU",50,"47.735,00 €",Castlelake,Estados Unidos,Hipoteca 43 Lux SARL,Luxemburgo,Soparfi,NA,Entidades financieras,Fondos de inversión,https://www.aedashomes.com/dam/jcr:6c32a030-8cf0-469b-9b97-02f5f2cf8173/AEDAS%20Homes%20Informe%20Anual%20Integrado%20FY%202022%20(con%20EINF)_signed.pdf,https://civio.app.box.com/file/1218201495006,NA,NA,NA,NA,NA,NA
B29365673,TORREMOLINOS 88 SL,50,"76.191,89 €",Torremolinos 88 SL,España,Torremolinos 88 SL,España,Empresa privada,NA,Inmobiliaria,NA,NA,NA,NA,NA,NA,NA,NA,NA
B29142643,TRAISA SL,50,"36.905,00 €",Traisa SL,España,Traisa SL,España,Empresa privada,NA,Inmobiliaria,NA,NA,NA,NA,NA,NA,NA,NA,NA
B04879086,JAEN PLAZA PROJECT SL,51,"787.416,48 €",Alvores Asesoramiento Empresarial SL,España,Alvores Asesoramiento Empresarial SL,España,Empresa privada,NA,Consultoría y abogacía,NA,https://www.boe.es/borme/dias/2018/03/01/pdfs/BORME-A-2018-43-04.pdf,https://www.boe.es/borme/dias/2014/08/28/pdfs/BORME-A-2014-163-28.pdf,https://www.boe.es/borme/dias/2011/03/11/pdfs/BORME-A-2011-49-04.pdf,NA,NA,NA,NA,NA
B18963033,HERMOSA GRANADA 5 SL,51,"38.287,66 €",Hermosa Granada SL,España,Hermosa Granada SL,España,Empresa privada,NA,Inmobiliaria,NA,NA,NA,NA,NA,NA,NA,NA,NA
A99226102,RESIDENCIAL MURILLO SA,51,"21.141,28 €",Ibercaja,España,Residencial Murillo SA,España,Empresa privada,NA,Entidades financieras,Banca,https://www.boe.es/borme/dias/2014/07/14/pdfs/BORME-A-2014-131-50.pdf,NA,NA,NA,NA,NA,NA,NA
P1103900E,AYUNTAMIENTO DE VEJER DE LA FRONTERA,52,"4.127,89 €",Ayuntamiento de Vejer de la Frontera,España,Ayuntamiento de Vejer de la Frontera,España,Ayuntamiento,Ayuntamiento,Parque público,NA,NA,NA,NA,NA,NA,NA,NA,NA
B88367727,GRAMINA HOMES S.L.,53,"27.397,88 €",Lone Star,Estados Unidos,Lone Star Fund XI,Bermudas,Empresa privada,NA,Entidades financieras,Fondos de inversión,https://www.cnmv.es/AUDITA/2019/18307.pdf,https://www.sec.gov/Archives/edgar/data/1742655/000089843219000214/xslFormDX01/primary_doc.xml,NA,NA,NA,NA,NA,NA
B28383750,PARQUE CENTRO SL,53,"27.940,14 €",Parque Centro SL,España,Parque Centro SL,España,Empresa privada,NA,Inmobiliaria,NA,NA,NA,NA,NA,NA,NA,NA,NA
A18474155,"ARMUVISSA I,SA",54,"6.715,33 €",Ayuntamiento de Armilla,España,Armuvissa I SA,España,Empresa pública,Ayuntamiento,Parque público,NA,https://armilla.es/el-ayuntamiento/empresas-publicas-municipales/armuvissa/,NA,NA,NA,NA,NA,NA,NA
A41479783,SOCIEDAD PARA EL DESARROLLO DE CARMONA SA,54,"5.293,00 €",Ayuntamiento de Carmona,España,Sodecar SA,España,Empresa pública,Ayuntamiento,Parque público,NA,https://www.carmona.org/ayuntamiento/fichatlf.php?ent=046a49dc73a8d8521f7da358ff2cebd1,NA,NA,NA,NA,NA,NA,NA
B92117373,DAMGIM PROPERTY SL,54,"28.330,00 €",Damgim Property SL,España,Damgim Property SL,España,Empresa privada,NA,Inmobiliaria,NA,NA,NA,NA,NA,NA,NA,NA,NA
E91157586,EDIFICIO ROJO CB,54,"21.710,00 €",Edificio Rojo CB,España,Edificio Rojo CB,España,Comunidad de bienes,NA,Otros,Comunidad de bienes,NA,NA,NA,NA,NA,NA,NA,NA
B61976080,HISPANIA RETAIL PROPERTIES SL,54,"452.079,32 €",GO Orange LP,Islas Caimán,Orange Ventures SARL,Luxemburgo,Soparfi,NA,Inmobiliaria,NA,https://www.boe.es/borme/dias/2020/08/11/pdfs/BORME-A-2020-154-28.pdf,https://civio.app.box.com/file/1218181637501,NA,NA,NA,NA,NA,NA
B90092156,FERTECELTA SL,55,"22.975,00 €",Fertecelta SL,España,Fertecelta SL,España,Empresa privada,NA,Otros,Hostelería,NA,NA,NA,NA,NA,NA,NA,NA
B29573953,CERRADO DE LA CALERA SL,55,"44.880,00 €",Cerrado de la Calera,España,Cerrado de la Calera,España,Empresa privada,NA,Inmobiliaria,NA,https://www.boe.es/borme/dias/2013/12/11/pdfs/BORME-A-2013-236-29.pdf,https://www.boe.es/borme/dias/2014/06/12/pdfs/BORME-A-2014-110-29.pdf,NA,NA,NA,NA,NA,NA
B41133620,FONTEPAZO SL,56,"70.502,00 €",Fontepazo SL,España,Fontepazo SL,España,Empresa privada,NA,Inmobiliaria,NA,NA,NA,NA,NA,NA,NA,NA,NA
B14625859,"GESTIONES OLVENA, S.L.",56,"28.250,00 €",Gestiones Olvena SL,España,Gestiones Olvena SL,España,Empresa privada,NA,Inmobiliaria,NA,NA,NA,NA,NA,NA,NA,NA,NA
A28141935,MAPFRE ESPAÑA SA,56,"244.361,40 €",Mapfre,España,Mapfre,España,Empresa privada,NA,Seguros,NA,NA,NA,NA,NA,NA,NA,NA,NA
B66924614,ALCORES SHOPPING S.L.U.,57,"397.671,34 €",Harrowby Investments y Eurofund Investments Clover,España,Patron Eliot SARL,Luxemburgo,Soparfi,NA,Inmobiliaria,NA,https://www.boe.es/borme/dias/2017/04/17/pdfs/BORME-A-2017-72-08.pdf,https://www.boe.es/borme/dias/2017/10/13/pdfs/BORME-A-2017-196-08.pdf,https://civio.app.box.com/file/1218171770749,https://civio.app.box.com/file/1218159082614,https://civio.app.box.com/file/1218180862246,https://civio.app.box.com/file/1218176907197,NA,NA
A28039790,SANTA LUCIA SA,57,"225.210,43 €",Santa Lucía SA,España,Santa Lucía SA,España,Empresa privada,NA,Seguros,NA,NA,NA,NA,NA,NA,NA,NA,NA
A01710227,PROMONTORIA MACC RE SOCIMI SA,58,"40.700,00 €",Cerberus,Estados Unidos,Promontoria Mahou Designated Activity Company,Irlanda,Socimi,NA,Entidades financieras,Fondos de inversión,https://www.boe.es/borme/dias/2021/12/16/pdfs/BORME-A-2021-239-28.pdf,https://www.boe.es/borme/dias/2021/10/11/pdfs/BORME-A-2021-196-28.pdf,https://www.boe.es/borme/dias/2022/07/01/pdfs/BORME-A-2022-125-28.pdf,https://www.1x1socimi.es/Information%20Document%20MACC%201x1_Executed.pdf,NA,NA,NA,NA
A81171332,GENERAL DE GALERIAS COMERCIALES SOCIMI SA,620,"15.394.449,39 €",General de Galerías Comerciales Socimi,España,General de Galerías Comerciales Socimi,España,Socimi,NA,Centros comerciales y mercados,NA,https://generaldegalerias.com/thecomopany/,NA,NA,NA,NA,NA,NA,NA
A14203285,HERMAGOR SA,58,"20.014,00 €",Hermagor SA,España,Hermagor SA,España,Empresa privada,NA,Inmobiliaria,NA,NA,NA,NA,NA,NA,NA,NA,NA
P1404900A,AYUNTAMIENTO DE PALMA DEL RIO,59,"5.243,19 €",Ayuntamiento de Palma del Río,España,Ayuntamiento de Palma del Río,España,Ayuntamiento,Ayuntamiento,Parque público,NA,NA,NA,NA,NA,NA,NA,NA,NA
P1102500D,AYUNTAMIENTO DE PATERNA DE RIVERA,59,"5.913,55 €",Ayuntamiento de Paterna de Rivera,España,Ayuntamiento de Paterna de Rivera,España,Ayuntamiento,Ayuntamiento,Parque público,NA,NA,NA,NA,NA,NA,NA,NA,NA
B18732750,"EMPRESA PUBLICA DE VIVIENDA, SUELO Y EQUIPAMIENTO DE BAZA SL",60,"8.441,38 €",Ayuntamiento de Baza,España,"Empresa publica de vivienda, suelo y equipamiento de Baza SL",España,Empresa pública,Ayuntamiento,Parque público,NA,https://www.juntadeandalucia.es/boja/2006/16/81,NA,NA,NA,NA,NA,NA,NA
B64921091,GESCAT VIVENDES EN COMERCIALIZACIO SL,60,"18.839,50 €",BBVA,España,Gescat Vivendes en Comercializació SL,España,Empresa privada,NA,Entidades financieras,Banca,https://www.boe.es/borme/dias/2016/11/16/pdfs/BORME-A-2016-218-08.pdf,NA,NA,NA,NA,NA,NA,NA
B86772837,CARMILA ESPAÑA S.L.U.,343,"1.838.410,90 €",Carrefour,Francia,Carmila SA,España,Empresa privada,NA,Centros comerciales y mercados,NA,https://www.carmila.com/wp-content/uploads/2023/02/23_02_15-CP-Carmila-FY-2022_eng.pdf,https://www.boe.es/borme/dias/2018/08/03/pdfs/BORME-A-2018-149-28.pdf,https://www.cnmc.es/sites/default/files/2629738_0.pdf,NA,NA,NA,NA,NA
B14393037,INJUPISA S.L.U.,203,"103.795,00 €",Juyro 1961 SL,España,Injupisa SA,España,Empresa privada,NA,Centros comerciales y mercados,NA,https://www.boe.es/borme/dias/2011/08/08/pdfs/BORME-A-2011-150-14.pdf,NA,NA,NA,NA,NA,NA,NA
B72061385,RAIMUNDO GRAMONTELL SL,60,"17.030,00 €",Raimundo Gramontell SL,España,Raimundo Gramontell SL,España,Empresa privada,NA,Inmobiliaria,NA,NA,NA,NA,NA,NA,NA,NA,NA
B80103476,VIEJOROBLE SL,60,"26.326,77 €",Viejoroble SL,España,Viejoroble SL,España,Empresa privada,NA,Inmobiliaria,NA,NA,NA,NA,NA,NA,NA,NA,NA
B90375478,"AD ASTRA PROYECTO MISR, S.L.",60,"26.705,00 €",Visasur SL,España,Visasur SL,España,Empresa privada,NA,Inmobiliaria,NA,https://www.boe.es/borme/dias/2018/05/18/pdfs/BORME-A-2018-94-41.pdf,https://www.boe.es/borme/dias/2018/04/23/pdfs/BORME-A-2018-78-41.pdf,NA,NA,NA,NA,NA,NA
A04542940,EMPRESA MUNICIPAL ALMERIA XXI SA,61,"16.734,00 €",Ayuntamiento de Almería,España,Empresa municipal Almería XXI SA,España,Empresa pública,Ayuntamiento,Parque público,NA,https://www.almeria21.com/almeria-21/,NA,NA,NA,NA,NA,NA,NA
B18948406,CERPER RESIDENCIAL,62,"46.770,42 €",Beren Magnus SL,España,Cerper Residencial,España,Empresa privada,NA,Otros,Geriátricos,https://www.boe.es/borme/dias/2010/12/10/pdfs/BORME-A-2010-235-18.pdf,NA,NA,NA,NA,NA,NA,NA
B04315933,CONSTRUCCIONES LOGOMARU SL,62,"17.446,04 €",Construcciones Logomaru SL,España,Construcciones Logomaru SL,España,Empresa privada,NA,Inmobiliaria,NA,NA,NA,NA,NA,NA,NA,NA,NA
B92694660,"GALVEZ ANTUNEZ CASTRO BERROCAL 2005, SL",62,"33.110,00 €",Gálvez Antúnez Castro Berrocal 2005 SL,España,Gálvez Antúnez Castro Berrocal 2005 SL,España,Empresa privada,NA,Inmobiliaria,NA,NA,NA,NA,NA,NA,NA,NA,NA
B41008871,ALMACENES PRIETO CARREÑO SL,63,"53.278,52 €",Almacenes Prieto Carreño SL,España,Almacenes Prieto Carreño SL,España,Empresa privada,NA,Inmobiliaria,NA,NA,NA,NA,NA,NA,NA,NA,NA
B93342343,GESTORA DE ACTIVOS SANTANGELO NORTE,63,"30.935,00 €",Gestora de Activos Santangelo Norte,España,Gestora de Activos Santangelo Norte,España,Empresa privada,NA,Inmobiliaria,NA,https://www.boe.es/borme/dias/2014/08/28/pdfs/BORME-A-2014-163-29.pdf,NA,NA,NA,NA,NA,NA,NA
B88073085,MORZAL PROPERTY IBERIA S.L.,181,"2.692.043,49 €",Vukile Property Fund Limited,Sudáfrica,Castellana Properties Socimi,España,Socimi,NA,Centros comerciales y mercados,NA,https://www.castellanaproperties.es/files/uploads/file/18a0adfa-e928-48ea-b930-872168e51f3f/200109-hr-participaciones-significativas-h2-2019.pdf?qs=1579082772,NA,NA,NA,NA,NA,NA,NA
B90322892,"HRE RENTAL,SLU",63,"33.425,00 €",HBI Corporate SL,España,HBI Corporate SL,España,Empresa privada,NA,Entidades financieras,Compraventa de participaciones,https://www.boe.es/borme/dias/2017/05/29/pdfs/BORME-A-2017-99-41.pdf,https://www.boe.es/borme/dias/2022/05/03/pdfs/BORME-A-2022-83-41.pdf,NA,NA,NA,NA,NA,NA
B14517825,INMOBILIARIA MEZQUITA 1950 SL,64,"37.180,00 €",Grupo Empresarial Carrillo SL,España,Grupo Empresarial Carrillo SL,España,Empresa privada,NA,Otros,NA,https://www.boe.es/borme/dias/2021/04/08/pdfs/BORME-A-2021-65-14.pdf,NA,NA,NA,NA,NA,NA,NA
B85720175,HIH INVEST NERVION PLAZA SLU,66,"1.433.123,36 €",HIH Invest Real Estate,Alemania,HIH Invest Immobilien Und Beteiligungsgesellschaf MBH,Alemania,Empresa privada,NA,Inmobiliaria,NA,https://www.boe.es/borme/dias/2022/11/21/pdfs/BORME-A-2022-221-28.pdf,https://civio.app.box.com/file/1218112524383,https://hih-invest.de/en/company/,NA,NA,NA,NA,NA
B72465727,"CORE 5 MALAGA, S.L.",66,"67.745,00 €",JARAS ZWEITE Beteiligungsgesellschaft mbH & Co.,Alemania,KGAL Core 5 Holding SARL,Luxemburgo,Empresa privada,NA,Inmobiliaria,NA,https://www.boe.es/borme/dias/2023/01/18/pdfs/BORME-A-2023-12-28.pdf,https://www.boe.es/borme/dias/2023/01/16/pdfs/BORME-A-2023-10-28.pdf,https://civio.app.box.com/file/1217564073928,https://civio.app.box.com/file/1217566587195,https://civio.app.box.com/file/1217572406808,NA,NA,NA
B41372921,SANTA LUCIA PROMOTORA Y CONSTRUCTORA SL,66,"16.305,05 €",Santa Lucía Promotora y Constructora SL,España,Santa Lucía Promotora y Constructora SL,España,Empresa privada,NA,Inmobiliaria,NA,https://santaluciapromotorayconstructora.com/la-empresa/,NA,NA,NA,NA,NA,NA,NA
B87130597,"CARMILA HUELVA, S.L.U.",91,"1.072.529,71 €",Carrefour,Francia,Carmila SA,España,Empresa privada,NA,Centros comerciales y mercados,NA,https://www.boe.es/borme/dias/2020/02/06/pdfs/BORME-A-2020-25-28.pdf,https://www.cnmc.es/sites/default/files/2629738_0.pdf,NA,NA,NA,NA,NA,NA
P2305000H,AYUNTAMIENTO DE JAEN,67,"3.167,42 €",Ayuntamiento de Jaén,España,Ayuntamiento de Jaén,España,Ayuntamiento,Ayuntamiento,Parque público,NA,NA,NA,NA,NA,NA,NA,NA,NA
B18640193,ARRENDAMIENTOS PUERTA ELVIRA SL,67,"37.150,00 €",Arrendamientos Puerta Elvira,España,Arrendamientos Puerta Elvira,España,Empresa privada,NA,Inmobiliaria,NA,NA,NA,NA,NA,NA,NA,NA,NA
A84657097,LAZORA II SA,67,"24.550,00 €",CBRE,Estados Unidos,Azora Capital SL,España,Empresa privada,NA,Inmobiliaria,NA,https://www.boe.es/borme/dias/2012/03/06/pdfs/BORME-A-2012-46-28.pdf,https://www.azora.es/inversion-inmobiliaria/residencial/,https://nestarhomes.es/aviso-legal,https://www.boe.es/borme/dias/2019/06/14/pdfs/BORME-A-2019-112-28.pdf,https://www.cnmv.es/Portal/verGesDoc.axd?t={f7136115-8e63-48f8-aed7-58a0c192696e},https://www.azora.es/wp-content/uploads/2021/01/ESG-Report_Lazora-2019_EN.pdf,NA,NA
B28293884,PROYECTOS Y OBRAS MARBELLA SL,67,"85.450,00 €",Productos España SL,España,Proyectos y Obras Marbella SL,España,Empresa privada,NA,Entidades financieras,Compraventa de participaciones,https://www.boe.es/borme/dias/2019/04/01/pdfs/BORME-A-2019-63-28.pdf,NA,NA,NA,NA,NA,NA,NA
A41207309,ASMAPA SA,69,"47.416,50 €",Asmapa SA,España,Asmapa SA,España,Empresa privada,NA,Inmobiliaria,NA,NA,NA,NA,NA,NA,NA,NA,NA
B85206605,"URO PROPERTY HOLDINGS, S.L.",69,"1.310.961,66 €",Banco Santander,España,Banco Santander,España,Socimi,NA,Entidades financieras,Banca,https://www.boe.es/borme/dias/2014/11/20/pdfs/BORME-A-2014-222-28.pdf,https://www.bmegrowth.es/docs/documentos/InfPrivilegiada/2020/07/05059_InfPriv_20200723.pdf,https://www.boe.es/borme/dias/2015/02/12/pdfs/BORME-A-2015-29-28.pdf,NA,NA,NA,NA,NA
A95622841,CAJASUR BANCO SA,69,"10.798,00 €",Kutxabank,España,Cajasur Banco SA,España,Empresa privada,NA,Entidades financieras,Banca,https://portal.cajasur.es/cs/Satellite/cajasur/es/particulares-0/sobre-cajasur/quienes-somos-0/datos-de-identificacion-0/generico,NA,NA,NA,NA,NA,NA,NA
B41012832,RAFAEL LOPEZ SANCHEZ CONSTRUCTORA SL,69,"257.506,15 €",Rafael López Sánchez Constructora SL,España,Rafael López Sánchez Constructora SL,España,Empresa privada,NA,Inmobiliaria,NA,NA,NA,NA,NA,NA,NA,NA,NA
B85125763,GRUPO BERKLEY TRES SL,69,"848.648,74 €",REI Spain Ribarroja BV,Países Bajos,Grupo Berkley Tras SL,España,Empresa privada,NA,Inmobiliaria,NA,https://www.boe.es/borme/dias/2013/09/13/pdfs/BORME-A-2013-175-28.pdf,NA,NA,NA,NA,NA,NA,NA
B92954197,GESTION DE INMUEBLES ADQUIRIDOS SL,69,"32.112,40 €",Unicaja,España,Unicaja Gestión de Activos Inmobiliarios SA,España,Empresa privada,NA,Entidades financieras,Banca,https://www.boe.es/borme/dias/2017/02/20/pdfs/BORME-A-2017-35-29.pdf,https://www.boe.es/borme/dias/2013/01/09/pdfs/BORME-A-2013-5-29.pdf,NA,NA,NA,NA,NA,NA
A87293015,"CASTELLANA PROPERTIES SOCIMI, S.A.",83,"904.985,63 €",Vukile Property Fund Limited,Sudáfrica,Castellana Properties Socimi,España,Socimi,NA,Centros comerciales y mercados,NA,https://www.castellanaproperties.es/files/uploads/file/18a0adfa-e928-48ea-b930-872168e51f3f/200109-hr-participaciones-significativas-h2-2019.pdf?qs=1579082772,NA,NA,NA,NA,NA,NA,NA
E18051904,HERMANOS MORENO TORRES HERRERA CB,70,"36.139,00 €",Hermanos Moreno Torres Herrera CB,España,Hermanos Moreno Torres Herrera CB,España,Comunidad de bienes,NA,Otros,Comunidad de bienes,NA,NA,NA,NA,NA,NA,NA,NA
B04337697,PROMOCIONES ZUYDI SL,70,"18.348,71 €",Promociones Zuydi SL,España,Promociones Zuydi SL,España,Empresa privada,NA,Inmobiliaria,NA,NA,NA,NA,NA,NA,NA,NA,NA
B84921758,MOSACATA SL,70,"20.612,00 €",Unicaja,España,Unicaja,España,Empresa privada,NA,Entidades financieras,Banca,https://www.boe.es/borme/dias/2023/02/06/pdfs/BORME-A-2023-25-28.pdf,NA,NA,NA,NA,NA,NA,NA
P1100800J,AYUNTAMIENTO DE LOS BARRIOS,71,"14.106,74 €",Ayuntamiento de Los Barrios,España,Ayuntamiento de Los Barrios,España,Ayuntamiento,Ayuntamiento,Parque público,NA,NA,NA,NA,NA,NA,NA,NA,NA
Q2802152E,ADIF ALTA VELOCIDAD,71,"726.281,63 €",Adif,España,Adif,España,Empresa pública,Administración central,Otros,Infraestructuras aeroportuarias,NA,NA,NA,NA,NA,NA,NA,NA
B91338723,HOGALIA PROYECTOS E INVERSIONES SL,71,"19.878,28 €",Hogalia Proyectos Inmobiliarios,España,Hogalia Proyectos Inmobiliarios,España,Empresa privada,NA,Inmobiliaria,NA,NA,NA,NA,NA,NA,NA,NA,NA
A04823829,CIMENTADOS3 SA,73,"25.773,73 €",Banco de Crédito Social Cooperativo,España,Cimentados3 SA,España,Empresa privada,NA,Entidades financieras,Banca,https://www.boe.es/borme/dias/2015/10/02/pdfs/BORME-A-2015-189-04.pdf,NA,NA,NA,NA,NA,NA,NA
B14936785,"GESTIONES HOSPEDALIA, S.L.",73,"31.540,00 €",Gestiones Hospedalia,España,Gestiones Hospedalia,España,Empresa privada,NA,Inmobiliaria,NA,https://www.boe.es/borme/dias/2021/11/22/pdfs/BORME-A-2021-223-28.pdf,https://www.boe.es/borme/dias/2018/12/03/pdfs/BORME-A-2018-231-28.pdf,https://www.boe.es/borme/dias/2016/04/21/pdfs/BORME-A-2016-76-28.pdf,NA,NA,NA,NA,NA
A28048718,INMOBILIARIA VITRUBIO SA,73,"17.809,38 €",Inmobiliaria Vitrubio SA,España,Inmobiliaria Vitrubio SA,España,Empresa privada,NA,Inmobiliaria,NA,NA,NA,NA,NA,NA,NA,NA,NA
B84583939,"INGKA CENTRES JEREZ, S.L.",73,"1.204.896,38 €",Inter IKEA Holding B.V.,Países Bajos,Inter Ikea Centre Europa A/S,Dinamarca,Empresa privada,NA,Centros comerciales y mercados,NA,https://www.boe.es/borme/dias/2018/10/04/pdfs/BORME-A-2018-192-28.pdf,https://www.boe.es/borme/dias/2015/05/04/pdfs/BORME-A-2015-82-28.pdf,https://www.boe.es/borme/dias/2014/07/25/pdfs/BORME-A-2014-140-28.pdf,https://www.boe.es/borme/dias/2018/10/02/pdfs/BORME-A-2018-190-28.pdf,https://www.boe.es/borme/dias/2015/05/04/pdfs/BORME-A-2015-82-28.pdf,https://www.boe.es/borme/dias/2013/07/31/pdfs/BORME-A-2013-144-28.pdf,https://regnskaber.cvrapi.dk/49320843/Y3ZyLmRrOi8vcGRmcy8zNDgwMjM5NDtBL1M1MjExNTY7MjAxMjExMjc7MjAxMzEyMzE7UjtS.pdf,NA
B90140591,RIBERA CITY GROUP SL,73,"30.715,00 €",Ribera City Group SL,España,Ribera City Group SL,España,Empresa privada,NA,Inmobiliaria,NA,NA,NA,NA,NA,NA,NA,NA,NA
B18383067,INMOBILIARIA PUERTA ELVIRA SL,74,"44.465,00 €",Inmobiliaria Puerta Elvira SL,España,Inmobiliaria Puerta Elvira SL,España,Empresa privada,NA,Inmobiliaria,NA,NA,NA,NA,NA,NA,NA,NA,NA
A88146592,GAVARI PROPERTIES SOCIMI SA,75,"37.195,00 €",Gavari Properties Socimi SA,España,Gavari Properties Socimi SA,España,Socimi,NA,Inmobiliaria,NA,NA,NA,NA,NA,NA,NA,NA,NA
B91406108,SOCIEDAD DE DESARRROLLO DE MONTELLANO SL,76,"17.444,49 €",Ayuntamiento de Montellano,España,Sociedad de Desarrollo de Montellano,España,Empresa pública,Ayuntamiento,Parque público,NA,https://www.dipusevilla.es/export/bop/201306/19.pdf,NA,NA,NA,NA,NA,NA,NA
A85527604,INVERSIONES INMOBILIARIAS CANVIVES SA,77,"38.885,97 €",Blackstone,Estados Unidos,Balsam Investments SARL,Luxemburgo,Empresa privada,NA,Entidades financieras,Fondos de inversión,https://www.boe.es/borme/dias/2018/03/06/pdfs/BORME-A-2018-46-28.pdf,https://www.boe.es/borme/dias/2018/07/11/pdfs/BORME-A-2018-132-28.pdf,https://www.boe.es/borme/dias/2018/04/12/pdfs/BORME-A-2018-71-28.pdf,https://www.boe.es/borme/dias/2017/12/28/pdfs/BORME-A-2017-245-28.pdf,https://civio.app.box.com/file/1212590131653,https://civio.app.box.com/file/1213776192836,NA,NA
B86878659,"GLOBAL PHOBOS, S.L.U.",77,"1.395.740,47 €",Global Armorica,España,Global Phobos SLU,España,Empresa privada,NA,Inmobiliaria,NA,https://www.boe.es/borme/dias/2019/03/19/pdfs/BORME-A-2019-54-28.pdf,NA,NA,NA,NA,NA,NA,NA
U91529115,UTE ZARAPICO 3 SL Y MYM RENTA SL LEY 18/1982 DE 26 DE MAYO,77,"22.006,18 €",Ute Zarapico 3 SL y Mym Renta SL,España,Ute Zarapico 3 SL y Mym Renta SL,España,Empresa privada,NA,Inmobiliaria,NA,NA,NA,NA,NA,NA,NA,NA,NA
B21393509,EMDARO AROCHE S.L.U.,78,"23.348,53 €",Ayuntamiento de Aroche,España,Emdaro Aroche,España,Empresa pública,Ayuntamiento,Parque público,NA,https://www.aytoaroche.es/documentos/01773.SesionExtraPleno8-07-15.pdf,NA,NA,NA,NA,NA,NA,NA
E41230079,GUTIERREZ PEREZ HERMANOS CB,78,"20.367,81 €",Gutiérrez Pérez Hermanos CB,España,Gutiérrez Pérez Hermanos CB,España,Comunidad de bienes,NA,Otros,Comunidad de bienes,NA,NA,NA,NA,NA,NA,NA,NA
B84636133,IMASINTER VIVIENDA JOVEN SL,181,"29.540,15 €",Imasinter Vivienda Joven,España,Imasinter Vivienda Joven,España,Empresa privada,NA,Inmobiliaria,NA,NA,NA,NA,NA,NA,NA,NA,NA
A83787382,"NESTAR RESIDENCIAL S.I.I, S.A",79,"34.352,25 €",CBRE,Estados Unidos,Azora Capital SL,España,Empresa privada,NA,Inmobiliaria,NA,https://www.azora.es/inversion-inmobiliaria/residencial/,https://nestarhomes.es/aviso-legal,https://www.boe.es/borme/dias/2019/06/14/pdfs/BORME-A-2019-112-28.pdf,https://www.cnmv.es/Portal/verGesDoc.axd?t={f7136115-8e63-48f8-aed7-58a0c192696e},https://www.azora.es/wp-content/uploads/2021/01/ESG-Report_Lazora-2019_EN.pdf,NA,NA,NA
B93132454,RESTAURACION Y ENTRETENIMIENTO DEL MEDITERRANEO S.L.U.,79,"52.680,00 €",Restauración y Entretenimiento del Mediterráneo SL,España,Restauración y Ebtretenimiento del Mediterráneo SL,España,Empresa privada,NA,Inmobiliaria,NA,NA,NA,NA,NA,NA,NA,NA,NA
B90140716,ESTATE BUILDING GROUP SL,80,"34.208,64 €",Estate Building Group SL,España,Estate Building Group SL,España,Empresa privada,NA,Otros,Hostelería,NA,NA,NA,NA,NA,NA,NA,NA
B73244006,SURALMUDI SL,80,"43.780,00 €",Ofi-Renta Sur 2008 SL,España,Bystefan 21 SL,España,Empresa privada,NA,Entidades financieras,Compraventa de participaciones,https://www.boe.es/borme/dias/2021/04/16/pdfs/BORME-A-2021-71-30.pdf,https://www.boe.es/borme/dias/2020/03/26/pdfs/BORME-A-2020-60-28.pdf,NA,NA,NA,NA,NA,NA
B18228429,POYATOS SL,80,"29.695,00 €",Poyatos SL,España,Poyatos SL,España,Empresa privada,NA,Inmobiliaria,NA,NA,NA,NA,NA,NA,NA,NA,NA
A08663619,"CAIXABANK, S.A.",81,"155.993,90 €",CaixaBank,España,CaixaBank,España,Empresa privada,NA,Entidades financieras,Banca,NA,NA,NA,NA,NA,NA,NA,NA
B48734826,"SOLPRIGA, SL",81,"60.990,00 €",Solpriga SL,España,Solpriga SL,España,Empresa privada,NA,Inmobiliaria,NA,NA,NA,NA,NA,NA,NA,NA,NA
A18059063,EL RECREO DE ALFACAR SA,82,"27.288,00 €",El recreo de Alfacar SA,España,El recreo de Alfacar SA,España,Empresa privada,NA,Inmobiliaria,NA,NA,NA,NA,NA,NA,NA,NA,NA
A78485752,BEYOS Y PONGA SA,82,"21.593,00 €",Unicaja,España,Unicaja,España,Empresa privada,NA,Entidades financieras,Banca,https://www.boe.es/borme/dias/2014/05/21/pdfs/BORME-A-2014-94-28.pdf,https://www.boe.es/borme/dias/2021/08/11/pdfs/BORME-A-2021-153-28.pdf,NA,NA,NA,NA,NA,NA
B92419126,GUALDERA SL,83,"49.890,00 €",Holcusan SL,España,Gualdera SL,España,Empresa privada,NA,Inmobiliaria,NA,https://www.boe.es/borme/dias/2012/03/29/pdfs/BORME-A-2012-62-29.pdf,NA,NA,NA,NA,NA,NA,NA
B29389954,"MOSOL,S.L.",83,"28.713,05 €",Mosol SL,España,Mosol SL,España,Empresa privada,NA,Inmobiliaria,NA,NA,NA,NA,NA,NA,NA,NA,NA
B84227388,CARREFOUR PROPERTY ESPAÑA S.L.U.,70,"2.984.731,20 €",Carrefour,Francia,Carrefour,Francia,Empresa privada,NA,Centros comerciales y mercados,NA,NA,NA,NA,NA,NA,NA,NA,NA
B11385184,AUDITARIA ANALISIS DE INVERSION SL,84,"26.066,40 €",Auditaria Análisis de Inverisón SL,España,Auditaria Análisis de Inverisón SL,España,Empresa privada,NA,Inmobiliaria,NA,NA,NA,NA,NA,NA,NA,NA,NA
B18010488,INMOBILIARIA SOLENCO SL,84,"16.931,00 €",Inmobiliaria Solenco,España,Inmobiliaria Solenco,España,Empresa privada,NA,Inmobiliaria,NA,NA,NA,NA,NA,NA,NA,NA,NA
B21001078,HIJOS DE VAZQUEZ LOPEZ Y CIA SL,85,"32.115,00 €",Hijos de Vázquez López y Cia. SL,España,Hijos de Vázquez López y Cia. SL,España,Empresa privada,NA,Inmobiliaria,NA,NA,NA,NA,NA,NA,NA,NA,NA
A63379135,CRITERIA CAIXA S.A.U.,441,"32.986,26 €",CaixaBank,España,CaixaBank,España,Empresa privada,NA,Entidades financieras,Banca,NA,NA,NA,NA,NA,NA,NA,NA
E98161631,HERMANOS CALATAYUD MEDINA CB,86,"30.330,00 €",Hermanos Calatayud Medina CB,España,Hermanos Calatayud Medina CB,España,Comunidad de bienes,NA,Otros,Comunidad de bienes,NA,NA,NA,NA,NA,NA,NA,NA
B18679696,OBRATUNALIA SL,88,"20.498,45 €",Obratunalia SL,España,Obratunalia SL,España,Empresa privada,NA,Inmobiliaria,NA,NA,NA,NA,NA,NA,NA,NA,NA
B63346324,ARRENDAMENT IMMOBILIARI ASSEQUIBLE SL,89,"23.071,00 €",CaixaBank,España,Criteria Caixa,España,Empresa privada,NA,Entidades financieras,Banca,https://www.boe.es/borme/dias/2016/07/11/pdfs/BORME-A-2016-131-08.pdf,https://www.boe.es/borme/dias/2018/08/02/pdfs/BORME-A-2018-148-08.pdf,https://www.boe.es/borme/dias/2021/08/04/pdfs/BORME-A-2021-148-08.pdf,https://www.criteriacaixa.com/wp-content/uploads/2022/07/CCAA_Criteria_2021_individuales_CAST.pdf,NA,NA,NA,NA
B97184147,CAMESA INMUEBLES SL,89,"60.070,00 €",Camesa Inmuebles SL,España,Camesa Inmuebles SL,España,Empresa privada,NA,Inmobiliaria,NA,NA,NA,NA,NA,NA,NA,NA,NA
B23319650,"FRUTAS EL CIPRI, SL",89,"41.540,00 €",Frutas El Cipri SL,España,Frutas El Cipri SL,España,Empresa privada,NA,Otros,Alimentación,NA,NA,NA,NA,NA,NA,NA,NA
P1103000D,AYUNTAMIENTO DE ROTA,90,"11.673,00 €",Ayuntamiento de Rota,España,Ayuntamiento de Rota,España,Ayuntamiento,Ayuntamiento,Parque público,NA,NA,NA,NA,NA,NA,NA,NA,NA
A11219599,"URBANIZADORA TARIFEÑA, SA",90,"14.934,65 €",Ayuntamiento de Tarifa,España,Urbanizadora Tarifeña SA,España,Empresa pública,Ayuntamiento,Parque público,NA,https://www.aytotarifa.com/wp-content/uploads/2021/11/ESTATUTOS-DE-URTASA.pdf,NA,NA,NA,NA,NA,NA,NA
B87299202,"DOC MALAGA SITECO, S.L.U.",90,"1.083.996,32 €",Lyvea Global SL,España,Latorre y Asociados Consultoría SL,España,Empresa privada,NA,Consultoría y abogacía,NA,https://www.boe.es/borme/dias/2016/04/13/pdfs/BORME-A-2016-70-28.pdf,https://www.boe.es/borme/dias/2016/04/07/pdfs/BORME-A-2016-66-28.pdf,https://www.boe.es/borme/dias/2015/06/23/pdfs/BORME-A-2015-116-28.pdf,https://www.boe.es/borme/dias/2022/01/27/pdfs/BORME-A-2022-18-28.pdf,NA,NA,NA,NA
A21003827,TERRENOS URBANIZABLES DE AYAMONTE,91,"9.912,40 €",Ayuntamiento de Ayamonte,España,Terrenos Ubanizables de Ayamonte,España,Empresa pública,Ayuntamiento,Parque público,NA,https://www.juntadeandalucia.es/boja/2007/187/68,NA,NA,NA,NA,NA,NA,NA
B91558940,VIA OUTLETS SEVILLA SL,66,"936.053,00 €",Via (NL) 5 BV,Países Bajos,Via (NL) 5 BV,Países Bajos,Empresa privada,NA,Centros comerciales y mercados,NA,https://www.boe.es/borme/dias/2017/02/07/pdfs/BORME-A-2017-26-28.pdf,https://www.boe.es/borme/dias/2021/01/20/pdfs/BORME-A-2021-12-28.pdf,NA,NA,NA,NA,NA,NA
A50304286,GESMAR PROICASA SA,91,"23.273,14 €",Gesmar Proicasa,España,Gesmar Proicasa,España,Empresa privada,NA,Inmobiliaria,NA,NA,NA,NA,NA,NA,NA,NA,NA
A04054797,JOIGCA SA,91,"34.449,47 €",Joigca SA,España,Joigca SA,España,Empresa privada,NA,Inmobiliaria,NA,NA,NA,NA,NA,NA,NA,NA,NA
G41041062,REAL FUNDACION PATRONATO DE LA VIVIENDA DE SEVILLA,92,"16.808,53 €",Real Fundación Patronato de la Vivienda de Sevilla,España,Real Fundación Patronato de la Vivienda de Sevilla,España,Fundación,NA,Fundaciones de vivienda social,NA,NA,NA,NA,NA,NA,NA,NA,NA
B87748182,AREA SUR SHOPPING SL,93,"1.265.520,94 €",Afiens Legal SLP,España,Afiens Legal SLP,España,Empresa privada,NA,Consultoría y abogacía,NA,https://www.boe.es/borme/dias/2017/02/20/pdfs/BORME-A-2017-35-28.pdf,NA,NA,NA,NA,NA,NA,NA
A41395344,"PRODUSA, SOCIEDAD DE PROMOCION Y DESARROLLO DE UTRERA",93,"12.073,12 €",Ayuntamiento de Utrera,España,Produsa,España,Empresa pública,Ayuntamiento,Parque público,NA,https://www.boe.es/borme/dias/2022/12/15/pdfs/BORME-A-2022-237-41.pdf,NA,NA,NA,NA,NA,NA,NA
F91141879,CLAROS S. COOP. AND.,93,"14.045,06 €",Claros SCA,España,Claros SCA,España,Cooperativa,NA,Otros,Geriátricos,NA,NA,NA,NA,NA,NA,NA,NA
B04894143,MAÑAS CANO SL,93,"59.930,00 €",Mañas Cano SL,España,Mañas Cano SL,España,Empresa privada,NA,Inmobiliaria,NA,NA,NA,NA,NA,NA,NA,NA,NA
A86977790,"MERLIN PROPERTIES SOCIMI, S.A.",93,"1.883.137,99 €",Merlin Properties Socimi SA,España,Merlin Properties Socimi SA,España,Socimi,NA,Inmobiliaria,NA,https://www.claros.coop/quienes-somos/,NA,NA,NA,NA,NA,NA,NA
B18710806,"ARRENDALAR, SL",95,"11.365,21 €",Arrendalar SL,España,Arrendalar SL,España,Empresa privada,NA,Inmobiliaria,NA,NA,NA,NA,NA,NA,NA,NA,NA
B18640177,ALQUILERES ANGOCHI SL,96,"49.780,59 €",Alquileres Angochi SL,España,Alquileres Angochi SL,España,Empresa privada,NA,Inmobiliaria,NA,NA,NA,NA,NA,NA,NA,NA,NA
V84051440,AHORRO CORPORACION PATRIMONIO INMOBILIARIO FII,97,"52.010,55 €",Abanca,España,Abanca,España,Empresa privada,NA,Entidades financieras,Banca,https://www.cnmv.es/Portal/verDoc.axd?t={89ecac17-c3ce-4c4e-a214-3e0de84d3665},NA,NA,NA,NA,NA,NA,NA
A58513631,"CEETRUS URBAN PLAYER SPAIN, S.A.",99,"502.428,00 €",Elsimar Beheermaatschappij BV,Países Bajos,Elsimar Beheermaatschappij BV,Países Bajos,Empresa privada,NA,Entidades financieras,Fondos de inversión,https://www.boe.es/borme/dias/2017/06/14/pdfs/BORME-A-2017-111-28.pdf,https://www.boe.es/borme/dias/2018/11/07/pdfs/BORME-A-2018-214-28.pdf,NA,NA,NA,NA,NA,NA
B83281345,"JAYLE INVERSIONES, S.L.",100,"179.772,30 €",Jayle Inversiones SL,España,Jayle Inversiones SL,España,Empresa privada,NA,Inmobiliaria,NA,NA,NA,NA,NA,NA,NA,NA,NA
A87805768,VIVENIO RESIDENCIAL SOCIMI SA,100,"96.125,00 €",Renta Corporación,España,Renta Corporación Real Estate,España,Socimi,NA,Inmobiliaria,NA,https://www.rentacorporacion.com/es/vivenio-socimi/,https://www.boe.es/borme/dias/2017/06/15/pdfs/BORME-A-2017-112-28.pdf,NA,NA,NA,NA,NA,NA
A41439142,RED LOGISTICA DE ANDALUCIA SA,102,"542.371,75 €",Junta de Andalucía,España,Agencia Pública de Puertos de Andalucía,España,Empresa pública,CCAA,Parque público,NA,https://redlogisticadeandalucia.es/red-logistica-de-andalucia,NA,NA,NA,NA,NA,NA,NA
A28007748,ALLIANZ COMPAÑIA DE SEGUROS Y REASEGUROS SA,103,"1.735.403,41 €",Grupo Allianz,Alemania,Grupo Allianz,Alemania,Empresa privada,NA,Seguros,NA,NA,NA,NA,NA,NA,NA,NA,NA
B18756221,ARRENDAMIENTOS LUNA SL,105,"62.743,54 €",Inmobiliaria Luna de Granada,España,Arrendamientos Luna SL,España,Empresa privada,NA,Inmobiliaria,NA,https://www.boe.es/borme/dias/2021/09/30/pdfs/BORME-A-2021-189-18.pdf,NA,NA,NA,NA,NA,NA,NA
A81036501,DIVARIAN PROPIEDAD SA,106,"17.672,28 €",Cerberus,Estados Unidos,Promontoria Holding 208 BV,Países Bajos,Empresa privada,NA,Entidades financieras,Fondos de inversión,https://www.boe.es/borme/dias/2021/11/12/pdfs/BORME-A-2021-217-28.pdf,https://www.boe.es/borme/dias/2018/02/07/pdfs/BORME-A-2018-27-28.pdf,https://www.bbva.com/es/bbva-vende-a-su-socio-cerberus-el-20-de-divarian/,NA,NA,NA,NA,NA
A48265169,BANCO BILBAO VIZCAYA ARGENTARIA SA,110,"9.697,56 €",BBVA,España,BBVA,España,Empresa privada,NA,Entidades financieras,Banca,NA,NA,NA,NA,NA,NA,NA,NA
B18557496,PROMOCIONES INMOBILIARIAS PUNTALON SL,111,"29.131,54 €",Grupo Inmobiliario Río Azul SL,España,Promociones Inmobiliarias Puntalon SL,España,Empresa privada,NA,Inmobiliaria,NA,https://www.boe.es/borme/dias/2018/02/21/pdfs/BORME-A-2018-37-18.pdf,NA,NA,NA,NA,NA,NA,NA
B18856351,UNICOSA RENTA SL,111,"46.495,79 €",Unicosa Renta SL,España,Unicosa Renta SL,España,Empresa privada,NA,Inmobiliaria,NA,NA,NA,NA,NA,NA,NA,NA,NA
A29024296,RIVIERA INTERNATIONAL SA,114,"103.201,00 €",Grupo Riviera International y Otros,España,Riviera International,España,Empresa privada,NA,Entidades financieras,Compraventa de participaciones,https://www.boe.es/borme/dias/2023/02/01/pdfs/BORME-A-2023-22-29.pdf,https://www.boe.es/borme/dias/2021/11/16/pdfs/BORME-A-2021-219-29.pdf,NA,NA,NA,NA,NA,NA
B92230127,PARQUE MIRAMAR SL,122,"1.982.405,86 €",Myramar Grupo 1958,España,Parque Miramar SL,España,Empresa privada,NA,Inmobiliaria,NA,https://www.boe.es/borme/dias/2019/10/21/pdfs/BORME-A-2019-202-29.pdf,https://www.boe.es/borme/dias/2012/06/19/pdfs/BORME-A-2012-115-29.pdf,https://www.boe.es/borme/dias/2013/09/02/pdfs/BORME-A-2013-166-29.pdf,NA,NA,NA,NA,NA
G14020184,FUNDACION SAN RAFAEL ENTIDAD BENEFICA DE CONSTRUCCION,127,"57.626,41 €",Fundación San Rafael Entidad benéfica de construcción,España,Fundación San Rafael Entidad benéfica de construcción,España,Fundación,NA,Fundaciones de vivienda social,NA,https://fundacionsanrafael.net/,NA,NA,NA,NA,NA,NA,NA
B91511501,METROPOLIS LUCENA SL,136,"38.930,26 €",Metrópolis Lucena SL,España,Metrópolis Lucena SL,España,Empresa privada,NA,Inmobiliaria,NA,NA,NA,NA,NA,NA,NA,NA,NA
F04743175,CAJAMAR CAJA RURAL SDAD COOP DE CREDITO,139,"285.274,94 €",Banco de Crédito Social Cooperativo,España,Cajamar Caja Rural,España,Empresa privada,NA,Entidades financieras,Banca,https://www.bde.es/app/sif/2016_12_01_0240__42_Informe_bancario_anual_(Articulo_87_de_la_Ley_10_2014)_0240.pdf,NA,NA,NA,NA,NA,NA,NA
B41289737,INVERLET SL,139,"35.345,70 €",Inverlet SL,España,Inverlet SL,España,Empresa privada,NA,Inmobiliaria,NA,https://www.boe.es/borme/dias/2018/10/31/pdfs/BORME-A-2018-210-41.pdf,NA,NA,NA,NA,NA,NA,NA
P2902500D,AYUNTAMIENTO DE BENALMADENA,140,"20.050,14 €",Ayuntamiento de Benalmádena,España,Ayuntamiento de Benalmádena,España,Ayuntamiento,Ayuntamiento,Parque público,NA,NA,NA,NA,NA,NA,NA,NA,NA
B87353884,"LE RETAIL LAGOH, S.L.U.",140,"2.768.223,44 €",Vukile Property Fund Limited,Sudáfrica,Grupo Lar,España,Socimi,NA,Inmobiliaria,NA,https://www.boe.es/borme/dias/2019/12/31/pdfs/BORME-A-2019-249-28.pdf,https://www.boe.es/borme/dias/2015/09/16/pdfs/BORME-A-2015-177-28.pdf,https://www.boe.es/borme/dias/2014/02/14/pdfs/BORME-A-2014-31-28.pdf,https://www.larespana.com/wp-content/uploads/2023/05/Informe%20Anual%202022.pdf,https://www.bmegrowth.es/docs/documentos/Otros/2022/06/05360_Folleto_20220615.pdf,NA,NA,NA
B63343230,INMO CRITERIA ARRENDAMIENTO II S.L.U.,290,"96.706,83 €",CaixaBank,España,CaixaBank,España,Empresa privada,NA,Entidades financieras,Banca,https://www.boe.es/borme/dias/2017/10/23/pdfs/BORME-A-2017-202-08.pdf,NA,NA,NA,NA,NA,NA,NA
A14381800,SUELO Y VIVIENDA DE LUCENA SA,142,"19.579,69 €",Ayuntamiento de Lucena,España,Suelo y vivienda de Lucena SA,España,Empresa pública,Ayuntamiento,Parque público,NA,NA,NA,NA,NA,NA,NA,NA,NA
G14015358,FUNDACION VIMPYCA ENTIDAD BENEFICA DE CONSTRUCCION,143,"54.046,00 €",Vimpyca,España,Vimpyca,España,Fundación,NA,Fundaciones de vivienda social,NA,NA,NA,NA,NA,NA,NA,NA,NA
A29121357,HACIENDA RETAMAR SA,144,"53.824,31 €",Hacienda Retamar SA,España,Hacienda Retamar SA,España,Empresa privada,NA,Inmobiliaria,NA,https://www.boe.es/borme/dias/2015/01/30/pdfs/BORME-A-2015-20-41.pdf,NA,NA,NA,NA,NA,NA,NA
A82645128,"URBASS EUROFINANCE, SA",153,"62.458,89 €",Urbass Eurofinance SA,España,Urbass Eurofinance SA,España,Empresa privada,NA,Inmobiliaria,NA,NA,NA,NA,NA,NA,NA,NA,NA
A41441114,EMPRESA MUNICIPAL DE URBANISMO SA,164,"12.349,60 €",Ayuntamiento de Sevilla,España,mpresa municipal de urbanismo SA,España,Empresa pública,Ayuntamiento,Parque público,NA,NA,NA,NA,NA,NA,NA,NA,NA
B02803047,"CATELLA WE-08 SPAIN, S.L.U.",175,"135.315,00 €",Catella Real Estate AG,Alemania,Catella Real Estate AG,Alemania,Empresa privada,NA,Consultoría y abogacía,NA,https://www.boe.es/borme/dias/2020/12/17/pdfs/BORME-A-2020-241-28.pdf,https://www.boe.es/borme/dias/2016/10/13/pdfs/BORME-A-2016-196-28.pdf,NA,NA,NA,NA,NA,NA
B86062288,HABITEA ACTIVOS 2010 SL EN LIQUIDACION,179,"46.711,00 €",Habitea Activos 2010 SL,España,Habitea Activos 2010 SL,España,Empresa privada,NA,Inmobiliaria,NA,NA,NA,NA,NA,NA,NA,NA,NA
B29866019,"COSTASOL DE HIPERMERCADOS, SL",63,"279.560,27 €",Costasol de Hipermercados SL,España,Costasol de Hipermercados SL,España,Empresa privada,NA,Centros comerciales y mercados,NA,NA,NA,NA,NA,NA,NA,NA,NA
A21174107,EMPRESA MUNICIPAL DE LA VIVIENDA DE HUELVA SA,182,"35.070,67 €",Ayuntamiento de Huelva,España,Empresa Municipal de la Vivienda de Huelva,España,Empresa pública,Ayuntamiento,Parque público,NA,NA,NA,NA,NA,NA,NA,NA,NA
A41420191,SEVILLA ACTIVA M.P. S.A.U.,183,"18.652,46 €",Diputación de Sevilla,España,Sevilla Activa M.P. Sau,España,Empresa pública,Diputación,Parque público,NA,https://sedeelectronicadipusevilla.es/opencms/export/sites/DIP001_SEDE/sede/documentos/normativaGeneral/SPCIP/03.pdf,NA,NA,NA,NA,NA,NA,NA
B87703260,INVERSIONES INMOBILIARIAS LIMARA SL,185,"87.104,72 €",Blackstone,Estados Unidos,Columbus Investment SARL,Luxemburgo,Soparfi,NA,Entidades financieras,Fondos de inversión,https://www.boe.es/borme/dias/2018/11/16/pdfs/BORME-A-2018-220-08.pdf,https://www.boe.es/borme/dias/2018/04/11/pdfs/BORME-A-2018-70-08.pdf,https://www.boe.es/borme/dias/2018/02/27/pdfs/BORME-A-2018-41-08.pdf,https://www.boe.es/borme/dias/2017/12/29/pdfs/BORME-A-2017-246-08.pdf,https://www.boe.es/borme/dias/2014/06/12/pdfs/BORME-A-2014-110-28.pdf,https://www.boe.es/borme/dias/2014/04/11/pdfs/BORME-A-2014-71-28.pdf,https://civio.app.box.com/file/1213762702456,https://civio.app.box.com/file/1213776235781
A39025515,UNION DE CREDITOS INMOBILIARIOS SA ESTABLECIMIENTO FINANCIERO DE CREDITO,194,"38.064,91 €",Banco Santander,España,Banco Santander,España,Empresa privada,NA,Entidades financieras,Banca,https://www.uci.com/ficherosprotecciondatos/Estructura%20accionarial.pdf,NA,NA,NA,NA,NA,NA,NA
B88081864,CARMILA CÓRDOBA SLU,60,"653.383,32 €",Carrefour,Francia,Carmila SA,España,Empresa privada,NA,Centros comerciales y mercados,NA,https://www.boe.es/borme/dias/2020/02/12/pdfs/BORME-A-2020-29-28.pdf,https://www.cnmc.es/sites/default/files/2629738_0.pdf,NA,NA,NA,NA,NA,NA
B11536893,"EMPRESA MUNICIPAL DE SUELO Y VIVIENDA,SL",203,"44.280,74 €",Ayuntamiento de La Línea de La Concepción,España,Empresa municipal de suelo y vivienda SL,España,Empresa pública,Ayuntamiento,Parque público,NA,NA,NA,NA,NA,NA,NA,NA,NA
A41217464,PROMOCIONES Y CONSTRUCCIONES ANGULO SANCHEZ SA,206,"64.737,78 €",Promociones y Construcciones Angulo Sánchez,España,Promociones y Construcciones Angulo Sánchez,España,Empresa privada,NA,Inmobiliaria,NA,NA,NA,NA,NA,NA,NA,NA,NA
A11316999,EMPRESA MUNICIPAL DE SUELO Y VIVIENDA DE EL PUERTO DE SANTA MARIA SA,206,"26.623,94 €",Ayuntamiento de El Puerto de Santa María,España,Empresa municipal de Suelo y Vivienda de El Puerto de Santa María,España,Empresa pública,Ayuntamiento,Parque público,NA,NA,NA,NA,NA,NA,NA,NA,NA
B67479469,PROMONTORIA COLISEUM RESIDENTIAL SL,218,"165.610,00 €",Cerberus,Estados Unidos,Promontoria Holding 226 B.V.,Países Bajos,Empresa privada,NA,Entidades financieras,Fondos de inversión,https://www.boe.es/borme/dias/2020/01/28/pdfs/BORME-A-2020-18-08.pdf,https://www.boe.es/borme/dias/2018/10/01/pdfs/BORME-A-2018-189-28.pdf,NA,NA,NA,NA,NA,NA
A14010342,"BANKIA, S.A.",220,"67.329,38 €",CaixaBank,España,Bankia,España,Empresa privada,NA,Entidades financieras,Banca,NA,NA,NA,NA,NA,NA,NA,NA
A86104189,"BANCO MARE NOSTRUM, S.A.",220,"339.382,25 €",CaixaBank,España,Banco Mare Nostrum,España,Empresa privada,NA,Entidades financieras,Banca,https://www.boe.es/borme/dias/2018/03/06/pdfs/BORME-A-2018-46-28.pdf,NA,NA,NA,NA,NA,NA,NA
B80287444,ALMERIVENTA SL,227,"111.092,00 €",Almeriventa SL,España,Almeriventa SL,España,Empresa privada,NA,Inmobiliaria,NA,NA,NA,NA,NA,NA,NA,NA,NA
B91354233,PINO MONTANO RENTA SL,229,"70.103,96 €",Promociones y Construcciones Angulo Sánchez,España,Pino Montano Renta SL,España,Empresa privada,NA,Inmobiliaria,NA,https://www.boe.es/borme/dias/2010/07/06/pdfs/BORME-A-2010-127-41.pdf,https://www.boe.es/borme/dias/2010/07/06/pdfs/BORME-A-2010-127-41.pdf,NA,NA,NA,NA,NA,NA
B91127928,SE. PERIAN SL,233,"70.089,94 €",Se Perian SL,España,Se Perian SL,España,Empresa privada,NA,Inmobiliaria,NA,NA,NA,NA,NA,NA,NA,NA,NA
A11004082,ROCHE SA MUNICIPAL,236,"70.150,32 €",Ayuntamiento de Conil de la Frontera,España,Roche SA,España,Empresa pública,Ayuntamiento,Parque público,NA,NA,NA,NA,NA,NA,NA,NA,NA
A41062514,ANSAMO SA,253,"65.836,22 €",Ansamo SA,España,Ansamo SA,España,Empresa privada,NA,Inmobiliaria,NA,NA,NA,NA,NA,NA,NA,NA,NA
B63343172,INMO CRITERIA ARRENDAMIENTO III S.L.U.,266,"72.838,35 €",CaixaBank,España,Criteria Caixa,España,Empresa privada,NA,Entidades financieras,Banca,https://www.boe.es/borme/dias/2021/08/04/pdfs/BORME-A-2021-148-08.pdf,https://www.boe.es/borme/dias/2018/08/02/pdfs/BORME-A-2018-148-08.pdf,https://www.criteriacaixa.com/,https://www.caixabank.com/StaticFiles/pdfs/110127_NP_Criteria_AcuerdoMarco_es.pdf,NA,NA,NA,NA
B11293818,CERVICAL QLP SL,266,"102.620,71 €",Kna SA,España,Cervical CLP SL,España,Empresa privada,NA,Inmobiliaria,NA,https://www.boe.es/borme/dias/2016/08/10/pdfs/BORME-A-2016-152-11.pdf,NA,NA,NA,NA,NA,NA,NA
A18003590,INMOBILIARIA DAURO SA,269,"115.706,90 €",Inmobiliaria Dauro SA,España,Inmobiliaria Dauro SA,España,Empresa privada,NA,Inmobiliaria,NA,NA,NA,NA,NA,NA,NA,NA,NA
A11376548,EMPRESA DE SUELO ISLEÑA SA,270,"46.966,89 €",Ayuntamiento de San Fernando,España,Empresa de Suelo Isleña,España,Empresa pública,Ayuntamiento,Parque público,NA,NA,NA,NA,NA,NA,NA,NA,NA
A08000143,BANCO DE SABADELL SA,281,"125.905,67 €",Banco Sabadell,España,Banco Sabadell,España,Empresa privada,NA,Entidades financieras,Banca,NA,NA,NA,NA,NA,NA,NA,NA
A18009563,INMOBILIARIA EMILIO CASTRO E HIJOS SA,298,"195.920,13 €",Inmobiliaria Emilio Castro e Hijos SA,España,Inmobiliaria Emilio Castro e Hijos SA,España,Empresa privada,NA,Inmobiliaria,NA,NA,NA,NA,NA,NA,NA,NA,NA
A11334893,"EMPRESA MUNICIPAL DEL SUELO Y LA VIVIENDA DE SAN ROQUE, SA",309,"64.862,04 €",Ayuntamiento de San Roque,España,Empresa municipal del suelo y la vivienda de San Roque,España,Empresa pública,Ayuntamiento,Parque público,NA,NA,NA,NA,NA,NA,NA,NA,NA
A82873084,PLAZA MAYOR SHOPPING SA,60,"964.737,10 €",Plaza Mayor BV,Países Bajos,Sierra Spain Málaga Holdings SL,España,Empresa privada,NA,Centros comerciales y mercados,NA,https://www.boe.es/borme/dias/2019/05/07/pdfs/BORME-A-2019-85-28.pdf,NA,NA,NA,NA,NA,NA,NA
A83787382,LAZORA SII SA,350,"98.098,02 €",CBRE,Estados Unidos,Azora Capital SL,España,Empresa privada,NA,Inmobiliaria,NA,https://www.azora.es/inversion-inmobiliaria/residencial/,https://nestarhomes.es/aviso-legal,https://www.boe.es/borme/dias/2019/06/14/pdfs/BORME-A-2019-112-28.pdf,https://www.cnmv.es/Portal/verGesDoc.axd?t={f7136115-8e63-48f8-aed7-58a0c192696e},https://www.azora.es/wp-content/uploads/2021/01/ESG-Report_Lazora-2019_EN.pdf,NA,NA,NA
B88178694,"CORAL HOMES, SLU",355,"268.723,28 €",CaixaBank,España,Buildingcenter,España,Empresa privada,NA,Entidades financieras,Banca,https://www.boe.es/borme/dias/2018/11/08/pdfs/BORME-A-2018-215-28.pdf,https://www.boe.es/borme/dias/2018/10/05/pdfs/BORME-A-2018-193-28.pdf,NA,NA,NA,NA,NA,NA
A11045929,KNA SA,374,"189.439,81 €",Kna SA,España,Kna SA,España,Empresa privada,NA,Inmobiliaria,NA,NA,NA,NA,NA,NA,NA,NA,NA
A82865890,TESTA RESIDENCIAL SOCIMI S.A.,379,"223.209,92 €",Blackstone,Estados Unidos,Tropic Holdco SARL,Luxemburgo,Socimi,NA,Entidades financieras,Fondos de inversión,https://www.cnmc.es/sites/default/files/2272271_5.pdf,https://www.boe.es/borme/dias/2019/07/15/pdfs/BORME-A-2019-133-28.pdf,NA,NA,NA,NA,NA,NA
B18448605,RENTURNOGA SL,421,"329.593,18 €",Nogarent,España,Renturnoga SL,España,Empresa privada,NA,Inmobiliaria,NA,https://www.boe.es/borme/dias/2014/01/16/pdfs/BORME-A-2014-10-28.pdf,NA,NA,NA,NA,NA,NA,NA
A28335388,ALISEDA SA,422,"361.815,93 €",Blackstone,Estados Unidos,Balsam Investments SARL,Luxemburgo,Empresa privada,NA,Entidades financieras,Fondos de inversión,https://www.boe.es/borme/dias/2018/08/01/pdfs/BORME-A-2018-147-28.pdf,https://www.boe.es/borme/dias/2018/04/12/pdfs/BORME-A-2018-71-28.pdf,https://www.boe.es/borme/dias/2018/03/06/pdfs/BORME-A-2018-46-28.pdf,https://www.boe.es/borme/dias/2017/12/28/pdfs/BORME-A-2017-245-28.pdf,https://civio.app.box.com/file/1213776192836,https://civio.app.box.com/file/1215444733112,https://civio.app.box.com/file/1213776235781,NA
A86602158,SOCIEDAD DE GESTION DE ACTIVOS PROCEDENTES DE LA REESTRUCTURACION BANCARIA SA,441,"188.037,38 €",Sareb,España,Sareb,España,Empresa pública,Administración central,Entidades financieras,Sociedad de gestión de activos,NA,NA,NA,NA,NA,NA,NA,NA
V11215381,PATRONATO DE VIVIENDAS MUNICIPALES CADIZ,454,"29.743,53 €",Ayuntamiento de Cádiz,España,Patronato de viviendas municipales de Cádiz,España,Empresa pública,Ayuntamiento,Parque público,NA,NA,NA,NA,NA,NA,NA,NA,NA
A39000013,BANCO SANTANDER SA,1243,"109.824,48 €",Banco Santander,España,Banco Santander,España,Empresa privada,NA,Entidades financieras,Banca,NA,NA,NA,NA,NA,NA,NA,NA
A18023705,EMPRESA PROVINCIAL DE VIVIENDA SUELO Y EQUIPAMIENTO DE GRANADA SA,477,"111.853,11 €",Ayuntamiento de Granada,España,Empresa municipal de vivienda suelo y equipamiento de Granada,España,Empresa pública,Ayuntamiento,Parque público,NA,NA,NA,NA,NA,NA,NA,NA,NA
A86212420,"AENA AEROPUERTOS, S.A.",483,"6.310.886,88 €",Aena,España,Aena S.M.E. SA,España,Empresa pública,Administración central,Otros,Infraestructuras aeroportuarias,https://www.aena.es/es/corporativa/sobre-aena/perfil-de-la-compania.html,NA,NA,NA,NA,NA,NA,NA
A41418104,SODERIN VEINTIUNO DESARROLLO Y VIVIENDA SAU,587,"66.010,69 €",Ayuntamiento de La Rinconada,España,Soderín Veintiuno Desarrollo y Vivienda,España,Empresa pública,Ayuntamiento,Parque público,NA,NA,NA,NA,NA,NA,NA,NA,NA
A04189601,COMERCIANTES DEL PONIENTE SA,58,"423.066,18 €",Comerciales del Poniente SA,España,Comerciales del Poniente SA,España,Empresa privada,NA,Centros comerciales y mercados,NA,https://www.copo.es/aviso-legal/,NA,NA,NA,NA,NA,NA,NA
A41261983,INMUVISA INICIATIVA MUNICIPAL PARA LA VIVIENDA SA,626,"78.076,01 €",Ayuntamiento de Lebrija,España,Inmuvisa,España,Empresa pública,Ayuntamiento,Parque público,NA,NA,NA,NA,NA,NA,NA,NA,NA
A11068004,"EMSISA EMPRESA MUNICIPAL, SA",647,"91.607,59 €",Ayuntamiento de Chiclana de la Frontera,España,Emsisa,España,Empresa pública,Ayuntamiento,Parque público,NA,NA,NA,NA,NA,NA,NA,NA,NA
A14038509,VIVIENDAS MUNICIPALES DE CORDOBA,728,"127.046,99 €",Ayuntamiento de Córdoba,España,Viviendas municipales de Córdoba,España,Empresa pública,Ayuntamiento,Parque público,NA,NA,NA,NA,NA,NA,NA,NA,NA
Q2801660H,ADMINITRADOR DE INFRAESTRUCTURAS FERROVIARIAS,809,"378.601,56 €",Adif,España,Adif,España,Empresa pública,Administración central,Otros,Infraestructuras ferroviarias,NA,NA,NA,NA,NA,NA,NA,NA
A11302403,PROMOCION Y GESTION DE VIVIENDAS DE CADIZ SA,881,"104.780,14 €",Ayuntamiento de Cádiz,España,Promoción y gestión de viviendas de Cádiz,España,Empresa pública,Ayuntamiento,Parque público,NA,NA,NA,NA,NA,NA,NA,NA,NA
A11670734,EMPRESA MUNICIPAL DE LA VIVIENDA DE JEREZ SA,1370,"263.102,80 €",Ayuntamiento de Jerez,España,Empresa Municipal de la Vivienda de Jerez,España,Empresa pública,Ayuntamiento,Parque público,NA,NA,NA,NA,NA,NA,NA,NA,NA
P7990003A,"INSTITUTO MUNICIPAL DE LA VIVIENDA, LA REHABILITACION Y LA REGENERACION URBANA",1465,"244.491,29 €",Ayuntamiento de Málaga,España,"Instituto Municipal de la Vivienda, la rehabilitación y la regeneración urbana",España,Empresa pública,Ayuntamiento,Parque público,NA,NA,NA,NA,NA,NA,NA,NA,NA
A93139053,UNICAJA BANCO SA,1566,"364.891,33 €",Unicaja,España,Unicaja,España,Empresa privada,NA,Entidades financieras,Banca,NA,NA,NA,NA,NA,NA,NA,NA
A41047267,"EMPRESA MUNICIPAL DE VIVIENDA, SUELO Y EQUIPAMIENTO DE SEVILLA, SA",2466,"510.479,90 €",Ayuntamiento de Sevilla,España,"Empresa Municipal de Vivienda, Suelo y Equipamiento de Sevilla",España,Empresa pública,Ayuntamiento,Parque público,NA,NA,NA,NA,NA,NA,NA,NA,NA
S4111001F,JUNTA DE ANDALUCIA,4264,"161.611,89 €",Junta de Andalucía,España,Junta de Andalucía,España,Empresa pública,CCAA,Parque público,NA,NA,NA,NA,NA,NA,NA,NA,NA
A63106157,BUILDINGCENTER SAU,5846,"2.137.049,49 €",CaixaBank,España,CaixaBank,España,Empresa privada,NA,Entidades financieras,Banca,https://buildingcenter.es/es/home-es/,https://www.boe.es/borme/dias/2012/10/16/pdfs/BORME-A-2012-199-08.pdf,NA,NA,NA,NA,NA,NA
Q9155006A,AGENCIA DE VIVIENDA Y REHABILITACION DE ANDALUCIA,13716,"1.167.639,22 €",Junta de Andalucía,España,Agencia de vivienda y Rehabilitación de Andalucía,España,Empresa pública,CCAA,Parque público,NA,NA,NA,NA,NA,NA,NA,NA,NA
